[
    {
        "line_name": "地铁1号线(汉口北-径河)",
        "stops": [
            {
                "name": "汉口北",
                "uid": 0,
                "position": [
                    114.336081,
                    30.717697
                ],
                "sid": 0
            },
            {
                "name": "滠口新城",
                "uid": 1,
                "position": [
                    114.348816,
                    30.690343
                ],
                "sid": 1
            },
            {
                "name": "滕子岗",
                "uid": 2,
                "position": [
                    114.347979,
                    30.680864
                ],
                "sid": 2
            },
            {
                "name": "堤角",
                "uid": 3,
                "position": [
                    114.344766,
                    30.672015
                ],
                "sid": 3
            },
            {
                "name": "新荣",
                "uid": 4,
                "position": [
                    114.341117,
                    30.6621
                ],
                "sid": 4
            },
            {
                "name": "丹水池",
                "uid": 5,
                "position": [
                    114.336621,
                    30.64975
                ],
                "sid": 5
            },
            {
                "name": "徐州新村",
                "uid": 6,
                "position": [
                    114.329524,
                    30.637117
                ],
                "sid": 6
            },
            {
                "name": "二七路",
                "uid": 7,
                "position": [
                    114.325408,
                    30.630903
                ],
                "sid": 7
            },
            {
                "name": "头道街",
                "uid": 8,
                "position": [
                    114.320572,
                    30.623665
                ],
                "sid": 8
            },
            {
                "name": "黄浦路",
                "uid": 9,
                "position": [
                    114.314681,
                    30.614071
                ],
                "sid": 9
            },
            {
                "name": "三阳路",
                "uid": 10,
                "position": [
                    114.308444,
                    30.605097
                ],
                "sid": 10
            },
            {
                "name": "大智路",
                "uid": 11,
                "position": [
                    114.301439,
                    30.59812
                ],
                "sid": 11
            },
            {
                "name": "循礼门",
                "uid": 12,
                "position": [
                    114.293649,
                    30.591392
                ],
                "sid": 12
            },
            {
                "name": "友谊路",
                "uid": 13,
                "position": [
                    114.28507,
                    30.586867
                ],
                "sid": 13
            },
            {
                "name": "利济北路",
                "uid": 14,
                "position": [
                    114.276715,
                    30.583472
                ],
                "sid": 14
            },
            {
                "name": "崇仁路",
                "uid": 15,
                "position": [
                    114.268589,
                    30.580122
                ],
                "sid": 15
            },
            {
                "name": "硚口路",
                "uid": 16,
                "position": [
                    114.256887,
                    30.577864
                ],
                "sid": 16
            },
            {
                "name": "太平洋",
                "uid": 17,
                "position": [
                    114.247094,
                    30.580471
                ],
                "sid": 17
            },
            {
                "name": "宗关",
                "uid": 18,
                "position": [
                    114.233339,
                    30.58637
                ],
                "sid": 18
            },
            {
                "name": "汉西一路",
                "uid": 19,
                "position": [
                    114.225275,
                    30.591626
                ],
                "sid": 19
            },
            {
                "name": "古田四路",
                "uid": 20,
                "position": [
                    114.218272,
                    30.595209
                ],
                "sid": 20
            },
            {
                "name": "古田三路",
                "uid": 21,
                "position": [
                    114.211207,
                    30.599327
                ],
                "sid": 21
            },
            {
                "name": "古田二路",
                "uid": 22,
                "position": [
                    114.203203,
                    30.603293
                ],
                "sid": 22
            },
            {
                "name": "古田一路",
                "uid": 23,
                "position": [
                    114.189754,
                    30.610094
                ],
                "sid": 23
            },
            {
                "name": "舵落口",
                "uid": 24,
                "position": [
                    114.176241,
                    30.615631
                ],
                "sid": 24
            },
            {
                "name": "竹叶海",
                "uid": 25,
                "position": [
                    114.17018,
                    30.621161
                ],
                "sid": 25
            },
            {
                "name": "额头湾",
                "uid": 26,
                "position": [
                    114.162298,
                    30.624475
                ],
                "sid": 26
            },
            {
                "name": "五环大道",
                "uid": 27,
                "position": [
                    114.145519,
                    30.623881
                ],
                "sid": 27
            },
            {
                "name": "东吴大道",
                "uid": 28,
                "position": [
                    114.134977,
                    30.631178
                ],
                "sid": 28
            },
            {
                "name": "码头潭公园",
                "uid": 29,
                "position": [
                    114.13019,
                    30.638049
                ],
                "sid": 29
            },
            {
                "name": "三店",
                "uid": 30,
                "position": [
                    114.127236,
                    30.655831
                ],
                "sid": 30
            },
            {
                "name": "径河",
                "uid": 31,
                "position": [
                    114.127158,
                    30.665859
                ],
                "sid": 31
            }
        ],
        "line_id": 1
    },
    {
        "line_name": "地铁2号线(天河机场-佛祖岭)",
        "stops": [
            {
                "name": "天河机场",
                "uid": 32,
                "position": [
                    114.222778,
                    30.77631
                ],
                "sid": 32
            },
            {
                "name": "航空总部",
                "uid": 33,
                "position": [
                    114.233811,
                    30.73854
                ],
                "sid": 33
            },
            {
                "name": "宋家岗",
                "uid": 34,
                "position": [
                    114.243767,
                    30.729427
                ],
                "sid": 34
            },
            {
                "name": "巨龙大道",
                "uid": 35,
                "position": [
                    114.260695,
                    30.717588
                ],
                "sid": 35
            },
            {
                "name": "盘龙城",
                "uid": 36,
                "position": [
                    114.266191,
                    30.706271
                ],
                "sid": 36
            },
            {
                "name": "宏图大道",
                "uid": 37,
                "position": [
                    114.284584,
                    30.675504
                ],
                "sid": 37
            },
            {
                "name": "常青城",
                "uid": 38,
                "position": [
                    114.261625,
                    30.66491
                ],
                "sid": 38
            },
            {
                "name": "金银潭",
                "uid": 39,
                "position": [
                    114.249307,
                    30.656827
                ],
                "sid": 39
            },
            {
                "name": "常青花园",
                "uid": 40,
                "position": [
                    114.248871,
                    30.646811
                ],
                "sid": 40
            },
            {
                "name": "长港路",
                "uid": 41,
                "position": [
                    114.252638,
                    30.633228
                ],
                "sid": 41
            },
            {
                "name": "汉口火车站",
                "uid": 42,
                "position": [
                    114.261471,
                    30.621839
                ],
                "sid": 42
            },
            {
                "name": "范湖",
                "uid": 43,
                "position": [
                    114.266675,
                    30.612402
                ],
                "sid": 43
            },
            {
                "name": "王家墩东",
                "uid": 44,
                "position": [
                    114.269419,
                    30.600118
                ],
                "sid": 44
            },
            {
                "name": "青年路",
                "uid": 45,
                "position": [
                    114.271242,
                    30.591474
                ],
                "sid": 45
            },
            {
                "name": "中山公园",
                "uid": 46,
                "position": [
                    114.279184,
                    30.587958
                ],
                "sid": 46
            },
            {
                "name": "循礼门",
                "uid": 12,
                "position": [
                    114.292522,
                    30.590994
                ],
                "sid": 47
            },
            {
                "name": "江汉路",
                "uid": 47,
                "position": [
                    114.298953,
                    30.585286
                ],
                "sid": 48
            },
            {
                "name": "积玉桥",
                "uid": 48,
                "position": [
                    114.315416,
                    30.566974
                ],
                "sid": 49
            },
            {
                "name": "螃蟹岬",
                "uid": 49,
                "position": [
                    114.324028,
                    30.559329
                ],
                "sid": 50
            },
            {
                "name": "小龟山",
                "uid": 50,
                "position": [
                    114.333183,
                    30.557073
                ],
                "sid": 51
            },
            {
                "name": "洪山广场",
                "uid": 51,
                "position": [
                    114.342687,
                    30.55146
                ],
                "sid": 52
            },
            {
                "name": "中南路",
                "uid": 52,
                "position": [
                    114.339485,
                    30.543748
                ],
                "sid": 53
            },
            {
                "name": "宝通寺",
                "uid": 53,
                "position": [
                    114.347553,
                    30.53653
                ],
                "sid": 54
            },
            {
                "name": "街道口",
                "uid": 54,
                "position": [
                    114.360167,
                    30.532818
                ],
                "sid": 55
            },
            {
                "name": "广埠屯",
                "uid": 55,
                "position": [
                    114.370439,
                    30.528927
                ],
                "sid": 56
            },
            {
                "name": "虎泉",
                "uid": 56,
                "position": [
                    114.377086,
                    30.518404
                ],
                "sid": 57
            },
            {
                "name": "杨家湾",
                "uid": 57,
                "position": [
                    114.389276,
                    30.511285
                ],
                "sid": 58
            },
            {
                "name": "光谷广场",
                "uid": 58,
                "position": [
                    114.403914,
                    30.511717
                ],
                "sid": 59
            },
            {
                "name": "珞雄路",
                "uid": 59,
                "position": [
                    114.410435,
                    30.512444
                ],
                "sid": 60
            },
            {
                "name": "华中科技大学",
                "uid": 60,
                "position": [
                    114.420859,
                    30.513102
                ],
                "sid": 61
            },
            {
                "name": "光谷大道",
                "uid": 61,
                "position": [
                    114.430391,
                    30.512292
                ],
                "sid": 62
            },
            {
                "name": "佳园路",
                "uid": 62,
                "position": [
                    114.437397,
                    30.505767
                ],
                "sid": 63
            },
            {
                "name": "武汉东站",
                "uid": 63,
                "position": [
                    114.438428,
                    30.492808
                ],
                "sid": 64
            },
            {
                "name": "黄龙山路",
                "uid": 64,
                "position": [
                    114.436919,
                    30.482962
                ],
                "sid": 65
            },
            {
                "name": "金融港北",
                "uid": 65,
                "position": [
                    114.427267,
                    30.467751
                ],
                "sid": 66
            },
            {
                "name": "秀湖",
                "uid": 66,
                "position": [
                    114.427577,
                    30.453413
                ],
                "sid": 67
            },
            {
                "name": "藏龙东街",
                "uid": 67,
                "position": [
                    114.436207,
                    30.442838
                ],
                "sid": 68
            },
            {
                "name": "佛祖岭",
                "uid": 68,
                "position": [
                    114.446341,
                    30.444579
                ],
                "sid": 69
            }
        ],
        "line_id": 2
    },
    {
        "line_name": "地铁3号线(沌阳大道-宏图大道)",
        "stops": [
            {
                "name": "沌阳大道",
                "uid": 69,
                "position": [
                    114.16368,
                    30.49498
                ],
                "sid": 70
            },
            {
                "name": "东风公司",
                "uid": 70,
                "position": [
                    114.172936,
                    30.505897
                ],
                "sid": 71
            },
            {
                "name": "体育中心",
                "uid": 71,
                "position": [
                    114.17769,
                    30.511722
                ],
                "sid": 72
            },
            {
                "name": "三角湖",
                "uid": 72,
                "position": [
                    114.186394,
                    30.522387
                ],
                "sid": 73
            },
            {
                "name": "汉阳客运站",
                "uid": 73,
                "position": [
                    114.195455,
                    30.533076
                ],
                "sid": 74
            },
            {
                "name": "四新大道",
                "uid": 74,
                "position": [
                    114.201159,
                    30.540655
                ],
                "sid": 75
            },
            {
                "name": "陶家岭",
                "uid": 75,
                "position": [
                    114.208524,
                    30.551449
                ],
                "sid": 76
            },
            {
                "name": "龙阳村",
                "uid": 76,
                "position": [
                    114.212837,
                    30.558997
                ],
                "sid": 77
            },
            {
                "name": "王家湾",
                "uid": 77,
                "position": [
                    114.215841,
                    30.566159
                ],
                "sid": 78
            },
            {
                "name": "宗关",
                "uid": 18,
                "position": [
                    114.232151,
                    30.586708
                ],
                "sid": 79
            },
            {
                "name": "双墩",
                "uid": 78,
                "position": [
                    114.23848,
                    30.592892
                ],
                "sid": 80
            },
            {
                "name": "武汉商务区",
                "uid": 79,
                "position": [
                    114.253394,
                    30.603827
                ],
                "sid": 81
            },
            {
                "name": "云飞路",
                "uid": 80,
                "position": [
                    114.258659,
                    30.611292
                ],
                "sid": 82
            },
            {
                "name": "范湖",
                "uid": 43,
                "position": [
                    114.267612,
                    30.613899
                ],
                "sid": 83
            },
            {
                "name": "菱角湖",
                "uid": 81,
                "position": [
                    114.282361,
                    30.60993
                ],
                "sid": 84
            },
            {
                "name": "香港路",
                "uid": 82,
                "position": [
                    114.291077,
                    30.610856
                ],
                "sid": 85
            },
            {
                "name": "惠济二路",
                "uid": 83,
                "position": [
                    114.29796,
                    30.618623
                ],
                "sid": 86
            },
            {
                "name": "赵家条",
                "uid": 84,
                "position": [
                    114.303542,
                    30.623627
                ],
                "sid": 87
            },
            {
                "name": "罗家庄",
                "uid": 85,
                "position": [
                    114.310659,
                    30.629465
                ],
                "sid": 88
            },
            {
                "name": "二七小路",
                "uid": 86,
                "position": [
                    114.314333,
                    30.634436
                ],
                "sid": 89
            },
            {
                "name": "兴业路",
                "uid": 87,
                "position": [
                    114.310849,
                    30.647047
                ],
                "sid": 90
            },
            {
                "name": "后湖大道",
                "uid": 88,
                "position": [
                    114.310689,
                    30.655739
                ],
                "sid": 91
            },
            {
                "name": "市民之家",
                "uid": 89,
                "position": [
                    114.302991,
                    30.666837
                ],
                "sid": 92
            },
            {
                "name": "宏图大道",
                "uid": 37,
                "position": [
                    114.284605,
                    30.675653
                ],
                "sid": 93
            }
        ],
        "line_id": 3
    },
    {
        "line_name": "地铁4号线(武汉火车站-柏林)",
        "stops": [
            {
                "name": "武汉火车站",
                "uid": 90,
                "position": [
                    114.431235,
                    30.612907
                ],
                "sid": 94
            },
            {
                "name": "杨春湖",
                "uid": 91,
                "position": [
                    114.422838,
                    30.61087
                ],
                "sid": 95
            },
            {
                "name": "工业四路",
                "uid": 92,
                "position": [
                    114.412467,
                    30.613714
                ],
                "sid": 96
            },
            {
                "name": "仁和路",
                "uid": 93,
                "position": [
                    114.395726,
                    30.611186
                ],
                "sid": 97
            },
            {
                "name": "园林路",
                "uid": 94,
                "position": [
                    114.384894,
                    30.606523
                ],
                "sid": 98
            },
            {
                "name": "罗家港",
                "uid": 95,
                "position": [
                    114.378112,
                    30.599058
                ],
                "sid": 99
            },
            {
                "name": "铁机路",
                "uid": 96,
                "position": [
                    114.375571,
                    30.59024
                ],
                "sid": 100
            },
            {
                "name": "岳家嘴",
                "uid": 97,
                "position": [
                    114.36828,
                    30.583454
                ],
                "sid": 101
            },
            {
                "name": "东亭",
                "uid": 98,
                "position": [
                    114.362075,
                    30.576542
                ],
                "sid": 102
            },
            {
                "name": "青鱼嘴",
                "uid": 99,
                "position": [
                    114.356121,
                    30.569991
                ],
                "sid": 103
            },
            {
                "name": "楚河汉街",
                "uid": 100,
                "position": [
                    114.347701,
                    30.559993
                ],
                "sid": 104
            },
            {
                "name": "洪山广场",
                "uid": 51,
                "position": [
                    114.343379,
                    30.551298
                ],
                "sid": 105
            },
            {
                "name": "中南路",
                "uid": 52,
                "position": [
                    114.339559,
                    30.543744
                ],
                "sid": 106
            },
            {
                "name": "梅苑小区",
                "uid": 101,
                "position": [
                    114.332644,
                    30.536886
                ],
                "sid": 107
            },
            {
                "name": "武昌火车站",
                "uid": 102,
                "position": [
                    114.323285,
                    30.536437
                ],
                "sid": 108
            },
            {
                "name": "首义路",
                "uid": 103,
                "position": [
                    114.315706,
                    30.539334
                ],
                "sid": 109
            },
            {
                "name": "复兴路",
                "uid": 104,
                "position": [
                    114.308086,
                    30.540034
                ],
                "sid": 110
            },
            {
                "name": "拦江路",
                "uid": 105,
                "position": [
                    114.276405,
                    30.54847
                ],
                "sid": 111
            },
            {
                "name": "钟家村",
                "uid": 106,
                "position": [
                    114.272607,
                    30.555099
                ],
                "sid": 112
            },
            {
                "name": "汉阳火车站",
                "uid": 107,
                "position": [
                    114.259089,
                    30.557967
                ],
                "sid": 113
            },
            {
                "name": "五里墩",
                "uid": 108,
                "position": [
                    114.248024,
                    30.560135
                ],
                "sid": 114
            },
            {
                "name": "七里庙",
                "uid": 109,
                "position": [
                    114.238136,
                    30.562881
                ],
                "sid": 115
            },
            {
                "name": "十里铺",
                "uid": 110,
                "position": [
                    114.22574,
                    30.565465
                ],
                "sid": 116
            },
            {
                "name": "王家湾",
                "uid": 77,
                "position": [
                    114.216756,
                    30.568125
                ],
                "sid": 117
            },
            {
                "name": "玉龙路",
                "uid": 111,
                "position": [
                    114.207962,
                    30.570333
                ],
                "sid": 118
            },
            {
                "name": "永安堂",
                "uid": 112,
                "position": [
                    114.195732,
                    30.572087
                ],
                "sid": 119
            },
            {
                "name": "孟家铺",
                "uid": 113,
                "position": [
                    114.180483,
                    30.570598
                ],
                "sid": 120
            },
            {
                "name": "黄金口",
                "uid": 114,
                "position": [
                    114.151836,
                    30.570213
                ],
                "sid": 121
            },
            {
                "name": "新天",
                "uid": 115,
                "position": [
                    114.132833,
                    30.55856
                ],
                "sid": 122
            },
            {
                "name": "集贤",
                "uid": 116,
                "position": [
                    114.118912,
                    30.55639
                ],
                "sid": 123
            },
            {
                "name": "知音",
                "uid": 117,
                "position": [
                    114.09859,
                    30.562875
                ],
                "sid": 124
            },
            {
                "name": "新农",
                "uid": 118,
                "position": [
                    114.081462,
                    30.56623
                ],
                "sid": 125
            },
            {
                "name": "凤凰路",
                "uid": 119,
                "position": [
                    114.066908,
                    30.56908
                ],
                "sid": 126
            },
            {
                "name": "蔡甸广场",
                "uid": 120,
                "position": [
                    114.048475,
                    30.578856
                ],
                "sid": 127
            },
            {
                "name": "临嶂大道",
                "uid": 121,
                "position": [
                    114.03491,
                    30.577783
                ],
                "sid": 128
            },
            {
                "name": "新庙村",
                "uid": 122,
                "position": [
                    114.015763,
                    30.586126
                ],
                "sid": 129
            },
            {
                "name": "柏林",
                "uid": 123,
                "position": [
                    114.001592,
                    30.588532
                ],
                "sid": 130
            }
        ],
        "line_id": 4
    },
    {
        "line_name": "地铁6号线(金银湖公园-东风公司)",
        "stops": [
            {
                "name": "金银湖公园",
                "uid": 124,
                "position": [
                    114.187526,
                    30.642531
                ],
                "sid": 131
            },
            {
                "name": "金银湖",
                "uid": 125,
                "position": [
                    114.211613,
                    30.645251
                ],
                "sid": 132
            },
            {
                "name": "园博园北",
                "uid": 126,
                "position": [
                    114.229341,
                    30.644151
                ],
                "sid": 133
            },
            {
                "name": "轻工大学",
                "uid": 127,
                "position": [
                    114.240892,
                    30.645967
                ],
                "sid": 134
            },
            {
                "name": "常青花园",
                "uid": 40,
                "position": [
                    114.250024,
                    30.647131
                ],
                "sid": 135
            },
            {
                "name": "杨汊湖",
                "uid": 128,
                "position": [
                    114.267642,
                    30.641789
                ],
                "sid": 136
            },
            {
                "name": "石桥",
                "uid": 129,
                "position": [
                    114.271516,
                    30.637105
                ],
                "sid": 137
            },
            {
                "name": "唐家墩",
                "uid": 130,
                "position": [
                    114.277818,
                    30.623628
                ],
                "sid": 138
            },
            {
                "name": "三眼桥",
                "uid": 131,
                "position": [
                    114.282224,
                    30.616288
                ],
                "sid": 139
            },
            {
                "name": "香港路",
                "uid": 82,
                "position": [
                    114.291192,
                    30.610906
                ],
                "sid": 140
            },
            {
                "name": "苗栗路",
                "uid": 132,
                "position": [
                    114.296418,
                    30.604683
                ],
                "sid": 141
            },
            {
                "name": "大智路",
                "uid": 11,
                "position": [
                    114.300564,
                    30.598606
                ],
                "sid": 142
            },
            {
                "name": "江汉路",
                "uid": 47,
                "position": [
                    114.297466,
                    30.585363
                ],
                "sid": 143
            },
            {
                "name": "六渡桥",
                "uid": 133,
                "position": [
                    114.290844,
                    30.58068
                ],
                "sid": 144
            },
            {
                "name": "汉正街",
                "uid": 134,
                "position": [
                    114.281274,
                    30.577236
                ],
                "sid": 145
            },
            {
                "name": "武胜路",
                "uid": 135,
                "position": [
                    114.275277,
                    30.575414
                ],
                "sid": 146
            },
            {
                "name": "琴台",
                "uid": 136,
                "position": [
                    114.272594,
                    30.563565
                ],
                "sid": 147
            },
            {
                "name": "钟家村",
                "uid": 106,
                "position": [
                    114.272511,
                    30.55509
                ],
                "sid": 148
            },
            {
                "name": "马鹦路",
                "uid": 137,
                "position": [
                    114.273305,
                    30.543852
                ],
                "sid": 149
            },
            {
                "name": "建港",
                "uid": 138,
                "position": [
                    114.266208,
                    30.53294
                ],
                "sid": 150
            },
            {
                "name": "前进村",
                "uid": 139,
                "position": [
                    114.2597,
                    30.526332
                ],
                "sid": 151
            },
            {
                "name": "国博中心北",
                "uid": 140,
                "position": [
                    114.249129,
                    30.51682
                ],
                "sid": 152
            },
            {
                "name": "国博中心南",
                "uid": 141,
                "position": [
                    114.242742,
                    30.512463
                ],
                "sid": 153
            },
            {
                "name": "老关村",
                "uid": 142,
                "position": [
                    114.232388,
                    30.499184
                ],
                "sid": 154
            },
            {
                "name": "江城大道",
                "uid": 143,
                "position": [
                    114.208772,
                    30.502476
                ],
                "sid": 155
            },
            {
                "name": "车城东路",
                "uid": 144,
                "position": [
                    114.186686,
                    30.501204
                ],
                "sid": 156
            },
            {
                "name": "东风公司",
                "uid": 70,
                "position": [
                    114.17459,
                    30.50492
                ],
                "sid": 157
            }
        ],
        "line_id": 5
    },
    {
        "line_name": "地铁7号线(青龙山地铁小镇-园博园北)",
        "stops": [
            {
                "name": "青龙山地铁小镇",
                "uid": 145,
                "position": [
                    114.340663,
                    30.324948
                ],
                "sid": 158
            },
            {
                "name": "纸坊大街",
                "uid": 146,
                "position": [
                    114.33106,
                    30.35091
                ],
                "sid": 159
            },
            {
                "name": "北华街",
                "uid": 147,
                "position": [
                    114.330071,
                    30.364093
                ],
                "sid": 160
            },
            {
                "name": "谭鑫培公园",
                "uid": 148,
                "position": [
                    114.328473,
                    30.376246
                ],
                "sid": 161
            },
            {
                "name": "江夏客厅",
                "uid": 149,
                "position": [
                    114.328222,
                    30.395202
                ],
                "sid": 162
            },
            {
                "name": "大花岭",
                "uid": 150,
                "position": [
                    114.326696,
                    30.418254
                ],
                "sid": 163
            },
            {
                "name": "新路村",
                "uid": 151,
                "position": [
                    114.324926,
                    30.447444
                ],
                "sid": 164
            },
            {
                "name": "野芷湖",
                "uid": 152,
                "position": [
                    114.326164,
                    30.466443
                ],
                "sid": 165
            },
            {
                "name": "板桥",
                "uid": 153,
                "position": [
                    114.320017,
                    30.480089
                ],
                "sid": 166
            },
            {
                "name": "湖工大",
                "uid": 154,
                "position": [
                    114.319912,
                    30.489406
                ],
                "sid": 167
            },
            {
                "name": "建安街",
                "uid": 155,
                "position": [
                    114.320362,
                    30.509791
                ],
                "sid": 168
            },
            {
                "name": "瑞安街",
                "uid": 156,
                "position": [
                    114.320738,
                    30.520492
                ],
                "sid": 169
            },
            {
                "name": "武昌火车站",
                "uid": 102,
                "position": [
                    114.323481,
                    30.538435
                ],
                "sid": 170
            },
            {
                "name": "小东门",
                "uid": 157,
                "position": [
                    114.324959,
                    30.550411
                ],
                "sid": 171
            },
            {
                "name": "螃蟹岬",
                "uid": 49,
                "position": [
                    114.323882,
                    30.558446
                ],
                "sid": 172
            },
            {
                "name": "新河街",
                "uid": 158,
                "position": [
                    114.323739,
                    30.568527
                ],
                "sid": 173
            },
            {
                "name": "湖北大学",
                "uid": 159,
                "position": [
                    114.335981,
                    30.583783
                ],
                "sid": 174
            },
            {
                "name": "徐家棚",
                "uid": 160,
                "position": [
                    114.338398,
                    30.594613
                ],
                "sid": 175
            },
            {
                "name": "三阳路",
                "uid": 10,
                "position": [
                    114.307669,
                    30.604473
                ],
                "sid": 176
            },
            {
                "name": "香港路",
                "uid": 82,
                "position": [
                    114.291143,
                    30.610807
                ],
                "sid": 177
            },
            {
                "name": "取水楼",
                "uid": 161,
                "position": [
                    114.281208,
                    30.603604
                ],
                "sid": 178
            },
            {
                "name": "王家墩东",
                "uid": 44,
                "position": [
                    114.268402,
                    30.600142
                ],
                "sid": 179
            },
            {
                "name": "武汉商务区",
                "uid": 79,
                "position": [
                    114.252924,
                    30.602209
                ],
                "sid": 180
            },
            {
                "name": "常码头",
                "uid": 162,
                "position": [
                    114.241047,
                    30.611067
                ],
                "sid": 181
            },
            {
                "name": "园博园",
                "uid": 163,
                "position": [
                    114.232354,
                    30.624834
                ],
                "sid": 182
            },
            {
                "name": "园博园北",
                "uid": 126,
                "position": [
                    114.229772,
                    30.642399
                ],
                "sid": 183
            }
        ],
        "line_id": 6
    },
    {
        "line_name": "地铁8号线(金潭路-军运村)",
        "stops": [
            {
                "name": "金潭路",
                "uid": 164,
                "position": [
                    114.29055,
                    30.682707
                ],
                "sid": 184
            },
            {
                "name": "宏图大道",
                "uid": 37,
                "position": [
                    114.287115,
                    30.675034
                ],
                "sid": 185
            },
            {
                "name": "塔子湖",
                "uid": 165,
                "position": [
                    114.286999,
                    30.658517
                ],
                "sid": 186
            },
            {
                "name": "中一路",
                "uid": 166,
                "position": [
                    114.287638,
                    30.645808
                ],
                "sid": 187
            },
            {
                "name": "竹叶山",
                "uid": 167,
                "position": [
                    114.293613,
                    30.631128
                ],
                "sid": 188
            },
            {
                "name": "赵家条",
                "uid": 84,
                "position": [
                    114.303966,
                    30.622763
                ],
                "sid": 189
            },
            {
                "name": "黄浦路",
                "uid": 9,
                "position": [
                    114.313282,
                    30.614119
                ],
                "sid": 190
            },
            {
                "name": "徐家棚",
                "uid": 160,
                "position": [
                    114.341902,
                    30.597694
                ],
                "sid": 191
            },
            {
                "name": "徐东",
                "uid": 168,
                "position": [
                    114.352128,
                    30.594605
                ],
                "sid": 192
            },
            {
                "name": "汪家墩",
                "uid": 169,
                "position": [
                    114.355984,
                    30.591793
                ],
                "sid": 193
            },
            {
                "name": "岳家嘴",
                "uid": 97,
                "position": [
                    114.367815,
                    30.583234
                ],
                "sid": 194
            },
            {
                "name": "梨园",
                "uid": 170,
                "position": [
                    114.377028,
                    30.580997
                ],
                "sid": 195
            },
            {
                "name": "省博湖北日报",
                "uid": 171,
                "position": [
                    114.371767,
                    30.571319
                ],
                "sid": 196
            },
            {
                "name": "中南医院",
                "uid": 172,
                "position": [
                    114.363427,
                    30.563138
                ],
                "sid": 197
            },
            {
                "name": "水果湖",
                "uid": 173,
                "position": [
                    114.352653,
                    30.557926
                ],
                "sid": 198
            },
            {
                "name": "洪山路",
                "uid": 174,
                "position": [
                    114.35014,
                    30.551753
                ],
                "sid": 199
            },
            {
                "name": "小洪山",
                "uid": 175,
                "position": [
                    114.35875,
                    30.541937
                ],
                "sid": 200
            },
            {
                "name": "街道口",
                "uid": 54,
                "position": [
                    114.359352,
                    30.531826
                ],
                "sid": 201
            },
            {
                "name": "马房山",
                "uid": 176,
                "position": [
                    114.356867,
                    30.52152
                ],
                "sid": 202
            },
            {
                "name": "文治街",
                "uid": 177,
                "position": [
                    114.35076,
                    30.506363
                ],
                "sid": 203
            },
            {
                "name": "文昌路",
                "uid": 178,
                "position": [
                    114.336547,
                    30.498038
                ],
                "sid": 204
            },
            {
                "name": "省农科院",
                "uid": 179,
                "position": [
                    114.332425,
                    30.487608
                ],
                "sid": 205
            },
            {
                "name": "马湖",
                "uid": 180,
                "position": [
                    114.33151,
                    30.477509
                ],
                "sid": 206
            },
            {
                "name": "野芷湖",
                "uid": 152,
                "position": [
                    114.325907,
                    30.468026
                ],
                "sid": 207
            },
            {
                "name": "黄家湖地铁小镇",
                "uid": 181,
                "position": [
                    114.304764,
                    30.442509
                ],
                "sid": 208
            },
            {
                "name": "军运村",
                "uid": 182,
                "position": [
                    114.301807,
                    30.433139
                ],
                "sid": 209
            }
        ],
        "line_id": 7
    }
]